{
    "$schema": "https://schema.management.azure.com/schemas/2015-01-01/deploymentParameters.json#",
    "contentVersion": "1.0.0.0",
    "parameters": {
        "location": {
            "value": "westeurope"
        },
        "networkInterfaceName": {
            "value": "appvm891"
        },
        "subnetName": {
            "value": "terraform-vnet1-subnet02"
        },
        "virtualNetworkId": {
            "value": "/subscriptions/10430aba-bdac-486e-94b9-e0ef00e82eb8/resourceGroups/terraform-rg/providers/Microsoft.Network/virtualNetworks/terraform-vnet1"
        },
        "publicIpAddressName": {
            "value": "Appvm-ip"
        },
        "publicIpAddressType": {
            "value": "Dynamic"
        },
        "publicIpAddressSku": {
            "value": "Basic"
        },
        "virtualMachineName": {
            "value": "Appvm"
        },
        "virtualMachineComputerName": {
            "value": "Appvm"
        },
        "virtualMachineRG": {
            "value": "terraform-rg"
        },
        "osDiskType": {
            "value": "Standard_LRS"
        },
        "virtualMachineSize": {
            "value": "Standard_B1s"
        },
        "adminUsername": {
            "value": "zaq2x"
        },
        "adminPassword": {
            "value": null
        },
        "patchMode": {
            "value": "AutomaticByOS"
        },
        "enableHotpatching": {
            "value": false
        }
    }
}